CARDINALITY,NUM_CONGR_DIMS,OBJECTS,QUALITY,SUBSPACE
40,31,"[0,6,23,27,28,31,36,39,43,46,54,71,77,78,85,95,97,101,102,110,115,122,123,125,132,133,141,144,146,147,149,157,163,164,172,177,185,193,194,197]",5444407410848708.000000,"1,1,1,1,1,1,1,1,1,1,1,1,1,1,1,1,1,1,1,1,1,1,1,1,1,1,1,1,1,1,1,0,0"
36,30,"[15,22,25,37,42,50,52,70,76,84,89,93,99,101,113,116,118,120,126,127,134,146,150,151,152,154,160,162,166,167,171,175,178,184,190,191]",1714988334417342.800000,"1,1,1,1,1,1,1,1,1,1,1,1,1,1,1,1,1,1,1,1,1,1,1,1,1,1,1,1,1,1,0,0,0"
23,30,"[9,13,17,40,41,45,50,62,67,103,112,114,117,121,128,129,148,155,159,165,175,186,192]",1095686991433302.200000,"1,1,1,1,1,1,1,1,1,1,1,1,1,1,1,1,1,1,1,1,1,1,1,1,1,1,1,1,1,1,0,0,0"
