CARDINALITY,NUM_CONGR_DIMS,OBJECTS,QUALITY,SUBSPACE
7,1,"[41,53,62,68,87,93,119]",20.000000,"0,1,0,0,0"
19,1,"[2,23,29,35,42,47,49,50,51,56,70,100,110,115,120,124,125,143,144]",54.285714,"0,1,0,0,0"
23,1,"[54,55,59,67,71,73,76,82,83,94,99,101,111,114,121,122,123,126,128,130,132,133,142]",65.714286,"0,1,0,0,0"
26,1,"[1,12,13,25,38,45,61,66,75,77,84,88,91,95,102,104,105,112,116,127,129,135,138,145,147,149]",74.285714,"0,1,0,0,0"
4,3,"[19,21,44,46]",93.294461,"1,1,0,0,1"
50,1,"[50,51,52,53,54,55,56,57,58,59,60,61,62,63,64,65,66,67,68,69,70,71,72,73,74,75,76,77,78,79,80,81,82,83,84,85,86,87,88,89,90,91,92,93,94,95,96,97,98,99]",142.857143,"0,0,0,0,1"
50,1,"[100,101,102,103,104,105,106,107,108,109,110,111,112,113,114,115,116,117,118,119,120,121,122,123,124,125,126,127,128,129,130,131,132,133,134,135,136,137,138,139,140,141,142,143,144,145,146,147,148,149]",142.857143,"0,0,0,0,1"
34,2,"[0,1,2,3,4,7,8,9,10,11,12,13,14,20,22,24,25,27,28,29,30,32,33,34,35,36,37,38,39,42,46,47,48,49]",277.551020,"0,0,0,1,1"
